[
    {
        "train_max_acc": 0.8670531326781327,
        "valid_max_acc": 0.8645785352372178,
        "params": {
            "n_blocks": 4,
            "dim_model": 456,
            "ffn_factor": 1.4393612805603033,
            "residual_dropout": 0.04048142404389674,
            "attention_dropout": 0.46815328996365446,
            "ffn_dropout": 0.3066363029161035,
            "lr": 0.00019466287154749508,
            "weight_decay": 0.0007731137193171905
        }
    },
    {
        "train_max_acc": 0.867014742014742,
        "valid_max_acc": 0.865806847842776,
        "params": {
            "n_blocks": 3,
            "dim_model": 88,
            "ffn_factor": 1.1727341621663996,
            "residual_dropout": 0.11870615283567675,
            "attention_dropout": 0.23102596076808413,
            "ffn_dropout": 0.07184061512400153,
            "lr": 0.0009207631688553018,
            "weight_decay": 1.9702570499157307e-06
        }
    },
    {
        "train_max_acc": 0.8652871621621622,
        "valid_max_acc": 0.8668816213726394,
        "params": {
            "n_blocks": 3,
            "dim_model": 328,
            "ffn_factor": 1.3054565090670893,
            "residual_dropout": 0.10991536998332659,
            "attention_dropout": 0.34395168327634473,
            "ffn_dropout": 0.04351281810397628,
            "lr": 0.0003903534303382598,
            "weight_decay": 1.2871262098378069e-06
        }
    }
]