[
    {
        "filename": "dataset_ratio0.1_seed1.pkl",
        "ratio": 0.1,
        "seed": 1,
        "test_rmse": 0.216724,
        "alphas": []
    },
    {
        "filename": "dataset_ratio0.2_seed1.pkl",
        "ratio": 0.2,
        "seed": 1,
        "test_rmse": 0.390941,
        "alphas": []
    },
    {
        "filename": "dataset_ratio0.3_seed1.pkl",
        "ratio": 0.3,
        "seed": 1,
        "test_rmse": 0.456858,
        "alphas": []
    },
    {
        "filename": "dataset_ratio0.4_seed1.pkl",
        "ratio": 0.4,
        "seed": 1,
        "test_rmse": 0.531533,
        "alphas": []
    },
    {
        "filename": "dataset_ratio0.5_seed1.pkl",
        "ratio": 0.5,
        "seed": 1,
        "test_rmse": 0.536823,
        "alphas": []
    },
    {
        "filename": "dataset_ratio0.6_seed1.pkl",
        "ratio": 0.6,
        "seed": 1,
        "test_rmse": 0.564549,
        "alphas": []
    },
    {
        "filename": "dataset_ratio0.7_seed1.pkl",
        "ratio": 0.7,
        "seed": 1,
        "test_rmse": 0.680657,
        "alphas": []
    },
    {
        "filename": "dataset_ratio0.8_seed1.pkl",
        "ratio": 0.8,
        "seed": 1,
        "test_rmse": 0.619683,
        "alphas": []
    },
    {
        "filename": "dataset_ratio0.9_seed1.pkl",
        "ratio": 0.9,
        "seed": 1,
        "test_rmse": 0.623128,
        "alphas": []
    },
    {
        "filename": "dataset_ratio1.0_seed1.pkl",
        "ratio": 1.0,
        "seed": 1,
        "test_rmse": 0.642326,
        "alphas": []
    }
]