[
    {
        "train_max_acc": 0.8737331081081081,
        "valid_max_acc": 0.8608935974205435,
        "params": {
            "n_layers": 2,
            "layer_size": 404,
            "dropout": 0.0012467822841677467,
            "weight_decay": 1.629470697328709e-06,
            "lr": 0.00014961948769695878
        }
    },
    {
        "train_max_acc": 0.8658246314496314,
        "valid_max_acc": 0.8621219100261016,
        "params": {
            "n_layers": 7,
            "layer_size": 34,
            "dropout": 0.12304345039780507,
            "weight_decay": 1.9087592560573033e-05,
            "lr": 0.0025538308363443002
        }
    }
]