[
    {
        "train_max_acc": 0.8722742628992629,
        "valid_max_acc": 0.8536772608628896,
        "params": {
            "n_cross_layers": 8,
            "n_hidden_layers": 1,
            "layer_size": 191,
            "hidden_dropout": 0.1685177986052061,
            "cross_dropout": 0.06091887928904416,
            "lr": 0.0007635445572032797,
            "weight_decay": 4.818784913383816e-06,
            "d_embedding": 177
        }
    },
    {
        "train_max_acc": 0.8663237100737101,
        "valid_max_acc": 0.8601259020420697,
        "params": {
            "n_cross_layers": 2,
            "n_hidden_layers": 5,
            "layer_size": 362,
            "hidden_dropout": 0.013057674227533622,
            "cross_dropout": 0.3756812096541647,
            "lr": 0.00040171418210341184,
            "weight_decay": 0.00016980967573747098,
            "d_embedding": 127
        }
    },
    {
        "train_max_acc": 0.8687039312039312,
        "valid_max_acc": 0.8558268079226163,
        "params": {
            "n_cross_layers": 8,
            "n_hidden_layers": 7,
            "layer_size": 75,
            "hidden_dropout": 0.2816682582047504,
            "cross_dropout": 0.4350887687936531,
            "lr": 0.00039035891658659194,
            "weight_decay": 1.4011986568457946e-06,
            "d_embedding": 140
        }
    },
    {
        "train_max_acc": 0.8680128992628993,
        "valid_max_acc": 0.8595117457392907,
        "params": {
            "n_cross_layers": 1,
            "n_hidden_layers": 6,
            "layer_size": 362,
            "hidden_dropout": 0.12105589874505834,
            "cross_dropout": 0.00017959470212169926,
            "lr": 4.703834265385987e-05,
            "weight_decay": 4.3270554198598834e-05,
            "d_embedding": 271
        }
    },
    {
        "train_max_acc": 0.8621007371007371,
        "valid_max_acc": 0.8613542146476278,
        "params": {
            "n_cross_layers": 7,
            "n_hidden_layers": 4,
            "layer_size": 400,
            "hidden_dropout": 0.21856676925926655,
            "cross_dropout": 0.2947466754848789,
            "lr": 2.325301627037827e-05,
            "weight_decay": 0.0008059367807052374,
            "d_embedding": 93
        }
    },
    {
        "train_max_acc": 0.8721590909090909,
        "valid_max_acc": 0.8539843390142792,
        "params": {
            "n_cross_layers": 8,
            "n_hidden_layers": 6,
            "layer_size": 463,
            "hidden_dropout": 0.36348940543034963,
            "cross_dropout": 0.2791614751776905,
            "lr": 0.0007403341482487625,
            "weight_decay": 1.2885786712760066e-05,
            "d_embedding": 191
        }
    },
    {
        "train_max_acc": 0.8607186732186732,
        "valid_max_acc": 0.8621219100261016,
        "params": {
            "n_cross_layers": 1,
            "n_hidden_layers": 2,
            "layer_size": 466,
            "hidden_dropout": 0.46359238778996886,
            "cross_dropout": 0.3974074552518042,
            "lr": 9.630454925836944e-05,
            "weight_decay": 1.7813260680457359e-06,
            "d_embedding": 76
        }
    },
    {
        "train_max_acc": 0.8741554054054054,
        "valid_max_acc": 0.8519883310302472,
        "params": {
            "n_cross_layers": 8,
            "n_hidden_layers": 6,
            "layer_size": 401,
            "hidden_dropout": 0.36348940543034963,
            "cross_dropout": 0.3712454913193463,
            "lr": 0.0016193023507738787,
            "weight_decay": 1.5734384721674583e-06,
            "d_embedding": 426
        }
    }
]